feeder_name,feeder_slug,state,district,band,avg_supply_hours_per_day,zero_supply_days,fault_hours_per_day,fault_hours_total,os_hours_per_day,os_hours_total,load_shedding_hours_per_day,load_shedding_hours_total,tcn_hours_total_excluded,energy_positive_days,energy_zero_or_negative_days,energy_no_data_days
ABUJA ROAD,KN-IDH-ABU,Kano,Kano Central,B,3.06,5,0.0,0.0,0.0,0.0,0.0,0,0,26,3,2
AHMADU BELLO,KN-CLU-AHM,Kano,Kano Central,A,20.16,0,4.18,129.53,0.0,0.0,1.32,40.94,31.42,29,0,2
AIRPORT ROAD,KN-PRP-AIR,Kano,Kano Central,B,0.35,29,0.39,12.21,0.0,0.0,23.67,733.67,0,20,2,9
AJASA,KN-DAN-AJA,Kano,Kano Central,B,2.58,11,20.58,638.13,0.0,0.0,21.24,658.46,0,25,1,5
AMINU KANO,KN-GOR-AMI,Kano,Kano North,C,0.58,25,12.09,374.89,0.0,0.0,23.22,719.9,0,20,4,7
APEX,KN-FAD-APE,Katsina,Katsina North,A,20.61,2,0.0,0.0,0.0,0.0,0.0,0,0,25,1,5
ARMY BARRACKS,KN-IBB-ARM,Katsina,Katsina North,D,4.16,4,1.92,59.41,0.0,0.0,4.78,148.03,0,23,0,8
AUDU BAKO,KN-CLU-AUD,Kano,Kano Central,A,19.87,0,4.49,139.13,0.0,0.0,1.61,50.03,35.56,31,0,0
BACHIRAWA,KN-BOK-BAC,Kano,Kano East,C,1.58,13,0.0,0.0,0.0,0.0,24.0,744.0,0,16,10,5
BADAWA,KN-CLU-BAD,Kano,Kano Central,B,14.0,0,11.4,353.45,0.0,0.0,5.26,163.16,28.74,29,2,0
BANK ROAD,KN-CLU-BAN,Kano,Kano Central,A,18.74,0,6.27,194.48,0.0,0.0,1.75,54.23,35.67,31,0,0
BAYAJIDDA,KN-DAU-BAY,Jigawa,Jigawa South,B,5.23,2,0.0,0.0,0.0,0.0,0.0,0,0,28,1,2
BCGA,KN-MAL2-BCG,Katsina,Katsina South,C,8.13,5,12.58,389.94,0.0,0.0,13.13,406.98,0,27,3,1
BELLO DANDAGO,KN-RAD-BEL,Kano,Kano City,B,13.0,2,10.15,314.77,0.0,0.0,1.02,31.5,49.19,25,6,0
BICHI TOWN,KN-BIC-BIC,Kano,Kano West,C,7.35,3,0.0,0.0,0.0,0.0,0.0,0,0,24,1,6
BOMPAI,KN-BRI-BOM,Kano,Kano Central,A,21.39,0,2.02,62.74,0.0,0.0,1.25,38.88,0,24,0,7
CAMPUS,KN-LAW-CAM,Kano,Kano West,C,0.16,30,22.27,690.5,0.0,0.0,1.38,42.78,0,1,3,27
CERAMIC,KN-ABA-CER,Kano,Kano Industrial,A,23.03,0,0.72,22.25,0.0,0.0,0.0,0.03,17.03,31,0,0
CHALAWA WATER PLANT,KN-CHA-CHA,Kano,Kano West,A,19.87,3,4.85,150.47,0.0,0.0,0.0,0,0,21,2,8
CHIRANCI,KN-GON-CHI,Kano,Kano East,D,3.77,5,20.65,640.23,0.0,0.0,18.91,586.2,8.18,30,0,1
CITY,KN-DAN-CIT,Kano,Kano City,C,1.42,16,21.85,677.26,0.0,0.0,22.43,695.43,0,24,4,3
DAKATA,KN-KAW-DAK,Kano,Kano East,B,4.52,3,32.42,1005.13,0.22,6.73,16.55,513.19,2.52,26,2,3
DALA FOODS,KN-GON-DAL,Kano,Kano Industrial,A,22.19,0,2.22,68.78,0.0,0.0,0.14,4.39,26.77,31,0,0
DANDAGORO,KN-IBB-DAN,Katsina,Katsina North,B,0.97,24,18.05,559.54,0.0,0.0,20.68,640.97,0,24,0,7
DANLADI NASIDI,KN-MAR-DAN,Kano,Kano East,B,11.39,1,0.0,0.0,0.0,0.0,0.0,0,0,26,0,5
DANTUNKU,KN-KAZ-DAN,Katsina,Katsina East,C,11.06,0,7.41,229.59,0.0,0.0,4.91,152.09,0,26,0,5
DAURAMA,KN-DAU-DAU,Jigawa,Jigawa South,B,5.94,2,0.0,0.0,0.0,0.0,0.0,0,0,28,1,2
DR BALA,KN-FAR-DRB,Kano,Kano Central,A,19.1,0,0.9,27.85,0.0,0.0,0.38,11.81,16.03,30,0,1
DUTSEN REME,KN-KAT-DUT,Katsina,Katsina South,C,10.58,1,0.0,0.0,0.0,0.0,0.0,0,0,29,1,1
DUTSEN SAFE,KN-KOF-DUT,Katsina,Katsina North,C,7.1,2,0.0,0.0,0.0,0.0,0.0,0,0,29,1,1
FAGGE,KN-IDH-FAG,Kano,Kano City,C,3.87,2,0.0,0.0,0.0,0.0,0.0,0,0,28,1,2
FANISAU,KN-BOK-FAN,Kano,Kano North,D,0.84,19,0.0,0.0,0.0,0.0,0.0,0,0,14,11,6
FANTAI,KN-HAD2-FAN,Jigawa,Jigawa North,B,19.58,0,0.0,0.0,0.0,0.0,0.0,0,0,0,23,8
FARAWA,KN-MAR-FAR,Kano,Kano South,C,4.52,2,0.0,0.0,0.0,0.0,0.0,0,0,26,0,5
FEDERAL SECRETARIAT,KN-BOK-FED,Kano,Kano City,C,1.48,14,0.0,0.0,0.0,0.0,0.0,0,0,20,7,4
FMC,KN-KOF-FMC,Katsina,Katsina North,C,5.45,4,0.0,0.0,0.0,0.0,0.0,0,0,26,4,1
FUNTUA TEXTILE MILL,KN-TEX-FUN,Katsina,Katsina South,A,21.81,0,1.86,57.77,0.0,0.0,0.0,0,2.19,29,1,1
FUNTUA WATER WORKS,KN-TEX-FUN2,Katsina,Katsina South,A,22.55,0,0.29,9.14,0.0,0.0,0.0,0,2.13,30,0,1
GALADIMA,KN-MAL2-GAL,Katsina,Katsina South,C,8.32,5,12.13,376.1,0.0,0.0,13.34,413.4,0,26,4,1
GARU,KN-DUT-GAR,Jigawa,Jigawa South,B,9.0,0,0.0,0.0,0.0,0.0,0.0,0,0,24,1,6
GOVERNMENT HOUSE DUTSE,KN-DUT-GOV,Jigawa,Jigawa South,A,0.35,29,0.0,0.0,0.0,0.0,22.13,686.18,665.18,28,1,2
GRA,KN-IBB-GRA,Kano,Kano East,C,3.29,11,9.49,294.11,0.0,0.0,9.49,294.11,0,25,1,5
GWAGWARWA,KN-BRI-GWA,Kano,Kano Central,D,4.23,3,17.47,541.44,0.0,0.0,17.47,541.44,0,23,0,8
GWAMMAJA,KN-IDH-GWA,Kano,Kano City,D,3.52,3,0.0,0.0,0.0,0.0,0.0,0,0,25,2,4
GWARZO ROAD,KN-BUK-GWA,Kano,Kano North,B,21.97,1,0.0,0.0,0.0,0.0,0.0,0,0,20,0,11
HASSAN USMAN ROAD,KN-FAD-HAS,Kano,Kano East,B,5.23,5,0.0,0.0,0.0,0.0,2.62,81.12,0,25,1,5
HAUSAWA,KN-ZAR-HAU,Kano,Kano Industrial,B,0.0,31,0.0,0.0,0.0,0.0,24.0,744.0,0,29,0,2
HOSPITAL ROAD,KN-KOF-HOS,Kano,Kano East,C,6.48,0,0.0,0.0,0.0,0.0,0.0,0,0,30,0,1
HOTORO,KN-ZAR-HOT,Kano,Kano East,C,3.39,3,0.0,0.0,0.0,0.0,0.0,0,0,27,0,4
HOUSING ESTATE,KN-BAT-HOU,Kano,Kano Industrial,B,5.61,1,16.18,501.64,0.0,0.0,15.22,471.81,25.14,29,0,2
IBRAHIM TAIWO,KN-DAN-IBR,Kano,Kano City,B,2.55,13,20.63,639.54,0.0,0.0,20.19,625.91,32.39,26,0,5
INDEPENDENCE,KN-BRI-IND,Kano,Kano Central,B,7.55,1,14.76,457.53,0.0,0.0,14.76,457.53,0,23,0,8
INDUSTRIAL,KN-KAT-IND,Katsina,Katsina South,A,23.39,0,0.0,0.0,0.0,0.0,0.0,0,0,31,0,0
JABIRI,KN-KAT-JAB,Kano,Kano East,C,9.74,1,0.0,0.0,0.0,0.0,0.0,0,0,31,0,0
JAEN,KN-GON-JAE,Kano,Kano Industrial,D,2.58,7,21.36,662.17,0.0,0.0,20.43,633.19,7.53,31,0,0
JAKARA,KN-GOR-JAK,Kano,Kano City,D,0.42,25,12.46,386.17,0.0,0.0,23.57,730.54,0,20,4,7
JAMAARE,KN-HAD2-JAM,Jigawa,Jigawa North,D,7.71,2,0.0,0.0,0.0,0.0,0.0,0,0,0,24,7
KABUGA,KN-GOR-KAB,Kano,Kano East,B,1.0,20,10.02,310.6,0.0,0.0,19.85,615.48,0,19,5,7
KADARKO,KN-FAD-KAD,Katsina,Katsina North,B,0.0,31,24.0,744.0,0.0,0.0,0.0,0,0,0,0,31
KANO ROAD,KN-IBB-KAN,Katsina,Katsina North,C,2.97,12,10.67,330.84,0.0,0.0,10.67,330.84,0,26,0,5
KANTI,KN-KAZ-KAN,Jigawa,Jigawa South,C,10.61,0,9.85,305.4,0.0,0.0,4.98,154.38,0,26,0,5
KARKASARA,KN-ZAR-KAR,Kano,Kano East,B,0.0,31,0.0,0.0,0.0,0.0,24.0,744.0,0,25,0,6
KAURA GOJE,KN-PRP-KAU,Kano,Kano Central,D,0.0,31,0.0,0.0,0.0,0.0,48.0,1488.0,0,21,1,9
KOFAR FADA,KN-MUS-KOF,Katsina,Katsina Central,D,3.0,16,5.01,155.22,0.0,0.0,11.85,367.44,0,22,5,4
KOFAR MARUSA,KN-IBB-KOF,Katsina,Katsina North,D,4.81,1,2.56,79.25,0.0,0.0,2.56,79.25,0,26,0,5
KOFAR NAISA,KN-DAN-KOF2,Kano,Kano City,C,1.74,14,23.58,730.85,0.0,0.0,18.82,583.31,30.03,27,1,3
KOFAR NASSARAWA,KN-DAN-KOF,Kano,Kano City,C,1.42,14,21.69,672.24,0.0,0.0,21.65,671.02,0,27,1,3
KOKI,KN-IDH-KOK,Kano,Kano City,D,3.06,5,0.0,0.0,0.0,0.0,0.0,0,0,27,2,2
KUNDILA,KN-ZAR-KUN,Kano,Kano East,C,0.03,30,0.0,0.0,0.0,0.0,24.0,744.0,0,28,1,2
KUNTAU,KN-BUK-KUN,Kano,Kano North,C,3.48,11,10.43,323.37,0.0,0.0,4.64,143.84,179.53,22,1,8
LAMBISA,KN-FAR-LAM,Kano,Kano East,A,18.1,0,0.95,29.35,0.0,0.0,0.49,15.26,14.08,30,0,1
LAMIDO,KN-CLU-LAM,Kano,Kano Central,C,2.55,6,22.35,692.98,0.0,0.0,16.4,508.27,39.5,26,5,0
LAUTAI,KN-GUM-LAU,Jigawa,Jigawa West,C,0.0,31,0.0,0.0,0.0,0.0,24.0,744.0,0,24,3,4
LIMAWA,KN-DUT-LIM,Jigawa,Jigawa South,C,7.48,0,0.0,0.0,0.0,0.0,0.0,0,0,25,0,6
LOW COST,KN-IBB-LOW,Katsina,Katsina North,B,0.0,31,24.0,744.0,0.0,0.0,0.0,0,0,24,1,6
MAI RUWA,KN-TEX-MAI,Katsina,Katsina South,E,6.94,0,16.95,525.35,0.0,0.0,16.3,505.16,0.05,28,0,3
MAIDUGURI ROAD,KN-MAR-MAI,Kano,Kano South,C,5.39,2,0.0,0.0,0.0,0.0,0.0,0,0,25,0,6
MAIMALARI,KN-BRI-MAI,Kano,Kano Central,A,21.94,0,1.48,45.78,0.0,0.0,1.21,37.4,0.01,23,0,8
MAJE,KN-HAD-MAJ,Jigawa,Jigawa North,B,9.0,1,0.0,0.0,0.0,0.0,0.0,0,0,29,0,2
MAJESTIC,KN-BIR-MAJ,Jigawa,Jigawa South,B,8.58,1,14.04,435.29,9.38,290.63,3.45,106.93,17.62,4,25,2
MAKAMA,KN-WUD-MAK,Kano,Kano South,C,4.55,6,5.48,169.88,0.0,0.0,9.82,304.42,189.42,26,0,5
MAKWALLA,KN-MAL-MAK,Jigawa,Jigawa North,D,6.19,0,1.79,55.53,0.0,0.0,5.94,184.0,98.1,0,31,0
MARHABA,KN-ZAR-MAR,Kano,Kano Industrial,C,0.0,31,0.0,0.0,0.0,0.0,24.0,744.0,0,26,1,4
MASARAUTA,KN-NAI-MAS,Kano,Kano West,B,4.06,5,18.14,562.47,0.0,0.0,18.47,572.46,0.01,24,2,5
MATAZU,KN-MUS-MAT,Katsina,Katsina Central,D,2.74,17,5.01,155.19,0.0,0.0,11.85,367.44,0,20,6,5
MUHAMMED DIKKO,KN-KOF2-MUH,Katsina,Katsina North,B,4.61,6,3.82,118.46,0.0,0.0,3.82,118.46,0,24,4,3
MUNDADU,KN-GON-MUN,Kano,Kano Industrial,C,2.74,7,21.42,663.95,0.0,0.0,20.59,638.27,11.89,31,0,0
MURTALA MUHAMMED,KN-CLU-MUR,Kano,Kano Central,B,18.1,0,6.09,188.72,0.0,0.0,3.19,98.78,34.65,31,0,0
NAGOGGO,KN-FAD-NAG,Katsina,Katsina North,C,0.0,31,24.0,744.0,0.0,0.0,0.0,0,0,0,0,31
NAKOWA,KN-TEX-NAK,Katsina,Katsina South,C,9.35,1,16.53,512.43,0.0,0.0,11.77,364.95,0.74,30,0,1
NATSINTA,KN-KOF-NAT,Katsina,Katsina North,C,12.35,0,0.0,0.0,0.0,0.0,0.0,0,0,29,0,2
NBC,KN-ABA-NBC,Kano,Kano Industrial,A,22.29,0,2.09,64.71,0.0,0.0,0.0,0,15.77,30,0,1
NEW SITE,KN-BUK-NEW,Kano,Kano North,B,0.0,31,0.0,0.0,0.0,0.0,0.0,0,0,0,0,31
NNDC,KN-BAT-NND,Kano,Kano Industrial,B,5.74,0,15.3,474.23,0.0,0.0,15.09,467.83,7.95,29,0,2
NOMANSLAND,KN-BOK-NOM,Kano,Kano Central,B,2.13,10,0.0,0.0,0.0,0.0,0.0,0,0,22,5,4
ORTHOPAEDIC,KN-BOK-ORT,Kano,Kano City,C,2.26,8,0.0,0.0,0.0,0.0,0.0,0,0,23,4,4
PANSHEKARA,KN-CHA-PAN,Kano,Kano West,C,0.97,25,20.87,646.83,0.0,0.0,26.09,808.87,0,22,1,8
RACE COURSE,KN-CLU-RAC,Kano,Kano Central,B,4.87,0,18.65,578.18,0.0,0.0,16.28,504.67,36.66,31,0,0
RIJIMA,KN-DAU-RIJ,Katsina,Katsina West,A,19.52,2,0.0,0.0,0.0,0.0,0.0,0,0,28,1,2
RIMIN KEBE,KN-SMA-RIM,Kano,Kano Central,D,1.13,20,16.81,521.22,0.0,0.0,18.1,561.14,0,17,5,9
SABON GARI,KN-IDH-SAB,Kano,Kano Central,B,3.65,2,0.0,0.0,0.0,0.0,0.0,0,0,28,1,2
SAGAGI,KN-ADO-SAG,Kano,Kano City,D,3.68,7,24.0,743.86,0.0,0.0,8.34,258.64,184.78,23,8,0
SALLARI,KN-ZAR-SAL,Kano,Kano East,C,3.61,4,0.0,0.0,0.0,0.0,0.0,0,0,29,0,2
SANI ABACHA WAY,KN-DUT2-SAN,Jigawa,Jigawa South,B,0.06,29,0.0,0.0,0.0,0.0,22.13,686.17,665.11,28,1,2
SANI MAINAGGE,KN-GOR-SAN,Kano,Kano City,C,1.39,14,5.26,163.2,0.0,0.0,4.85,150.5,0,19,5,7
SCHOOL OF NURSING,KN-BIR-SCH,Jigawa,Jigawa South,C,7.55,1,13.75,426.11,9.55,296.15,3.85,119.3,12.9,28,3,0
SHAGARI,KN-HAD-SHA,Jigawa,Jigawa North,B,9.39,1,0.0,0.0,0.0,0.0,0.0,0,0,28,1,2
SHARADA INDUSTRIAL,KN-BAT-SHA,Kano,Kano East,B,6.1,1,14.74,456.95,0.0,0.0,14.28,442.66,15.53,26,1,4
TAKUR,KN-DUT2-TAK,Jigawa,Jigawa South,B,7.16,9,0.68,21.07,0.0,0.0,0.68,21.07,0,16,13,2
TALAMIZ,KN-JOG-TAL,Kano,Kano East,D,1.74,12,20.55,636.98,0.0,0.0,20.3,629.36,0.02,27,2,2
TAMBURAWA WATER PLANT,KN-TAM-TAM,Kano,Kano West,A,19.26,2,0.0,0.0,0.0,0.0,0.0,0,0,24,2,5
TARAUNI,KN-FAR-TAR,Kano,Kano East,B,5.94,4,11.89,368.46,0.0,0.0,11.99,371.61,2.11,29,0,2
TIGA,KN-LAW-TIG,Kano,Kano West,C,0.0,31,0.0,0.0,0.0,0.0,0.0,0,0,0,0,31
TOKARAWA,KN-JOG-TOK,Kano,Kano East,A,18.77,0,3.83,118.69,0.0,0.0,1.22,37.83,5.59,31,0,0
TOWN,KN-KAT-TOW,Kano,Kano East,C,11.03,0,0.0,0.0,0.0,0.0,0.0,0,0,31,0,0
TSAMIYA BABBA,KN-JOG-TSA,Kano,Kano East,D,1.55,14,19.89,616.74,0.0,0.0,21.71,673.13,0,28,2,1
TUDUN MURTALA,KN-SMA-TUD,Kano,Kano Central,D,1.42,16,23.0,713.1,0.0,0.0,19.56,606.37,0.86,21,1,9
TUDUN WADA,KN-BRI-TUD,Kano,Kano Central,D,4.42,4,17.77,550.78,0.0,0.0,17.77,550.78,0,21,1,9
TUKUNTAWA,KN-BAT-TUK,Kano,Kano Industrial,C,4.77,1,17.79,551.43,0.0,0.0,17.58,545.09,20.15,28,1,2
UNGUWA UKU,KN-ZAR-UNG,Kano,Kano East,C,0.0,31,0.0,0.0,0.0,0.0,24.0,744.0,0,29,0,2
WUDIL COMMERCIAL,KN-WUD-WUD,Kano,Kano South,A,21.23,1,0.46,14.21,0.0,0.0,0.0,0,14.21,26,0,5
YANKABA,KN-KAW-YAN,Kano,Kano East,B,5.32,2,18.85,584.37,0.22,6.75,16.9,523.98,1.05,31,0,0
YANLEMO,KN-NAI-YAN,Kano,Kano East,B,4.97,3,17.75,550.29,0.0,0.0,18.56,575.43,0.05,26,0,5
YUSUF ROAD,KN-BRI-YUS,Kano,Kano Central,A,22.35,0,0.88,27.17,0.0,0.0,0.79,24.34,0.0,23,0,8
ZAWACIKI,KN-ABA-ZAW,Kano,Kano East,C,6.61,1,16.06,497.78,0.0,0.0,14.17,439.34,14.39,31,0,0
